time/fps,rollout/ep_rew_mean,rollout/exploration_rate,time/time_elapsed,time/episodes,time/total_timesteps,rollout/ep_len_mean
7,-205.48204925,0.9894866666666664,45,4,332,83.0
7,-152.137145375,0.9786883333333329,87,8,673,84.125
7,-168.56505991666666,0.9671299999999998,132,12,1038,86.5
8,-187.65899487500002,0.9546216666666668,176,16,1433,89.5625
8,-172.65564715,0.943443333333333,219,20,1786,89.3
